{

    "PasswordSaltDetails": {
        "Salt": "j78Y#p)/saREN!y3@",
        "Iterations": 100
    },

    "JwtConfig": {
        "LifeTimeMinutes": 1,
        "ValidateIssuerSigningKey": true,
        "IssuerSigningKey": "64A63153-11C1-4919-9133-EFAF99A9B456",
        "ValidateIssuer": true,
        "ValidIssuer": "https://localhost:7249",
        "ValidateAudience": true,
        "ValidAudience": "https://localhost:7249",
        "RequireExpirationTime": true,
        "ValidateLifetime": true
    },

    "AZURE_KeyVaultUri": "https://data-access-course-kv.vault.azure.net/",
    "AZURE_TENANT_ID": "1572fbad-267f-4fa0-82b2-2a5de30ac664",
    "AZURE_CLIENT_ID": "fc0f8df2-2c62-463c-8208-36b1da346a23",
    "AZURE_CLIENT_SECRET": "UNl8Q~wU2HYuG46ShSyjSh3CTQ2xSIi1ojbFubMZ",

    "ConnectionStrings": {
        "SQLServer-goodfriendsefc-docker-sysadmin": "Data Source=localhost;Initial Catalog=goodfriendsefc;Persist Security Info=True;User ID=sa;Pwd=skYhgS@83#aQ;Encrypt=False;",
        "SQLServer-goodfriendsefc-docker-gstusr": "Data Source=localhost;Initial Catalog=goodfriendsefc;Persist Security Info=True;User ID=gstusr;Pwd=pa$$Word1;Encrypt=False;",
        "SQLServer-goodfriendsefc-docker-usr": "Data Source=localhost;Initial Catalog=goodfriendsefc;Persist Security Info=True;User ID=usr;Pwd=pa$$Word1;Encrypt=False;",
        "SQLServer-goodfriendsefc-docker-supusr": "Data Source=localhost;Initial Catalog=goodfriendsefc;Persist Security Info=True;User ID=supusr;Pwd=pa$$Word1;Encrypt=False;",

        "SQLServer-goodfriendsefc-azure-sysadmin": "Server=tcp:sql-server-data-access-course.database.windows.net,1433;Initial Catalog=goodfriendsefc;Persist Security Info=False;User ID=martin;Password=S7WgA1wT0N6H;MultipleActiveResultSets=False;Encrypt=True;TrustServerCertificate=False;Connection Timeout=30;",
        "SQLServer-goodfriendsefc-azure-gstusr": "Server=tcp:sql-server-data-access-course.database.windows.net,1433;Initial Catalog=goodfriendsefc;Persist Security Info=False;User ID=gstusrUser;Password=pa$$Word1;MultipleActiveResultSets=False;Encrypt=True;TrustServerCertificate=False;Connection Timeout=30;",
        "SQLServer-goodfriendsefc-azure-usr": "Server=tcp:sql-server-data-access-course.database.windows.net,1433;Initial Catalog=goodfriendsefc;Persist Security Info=False;User ID=usrUser;Password=pa$$Word1;MultipleActiveResultSets=False;Encrypt=True;TrustServerCertificate=False;Connection Timeout=30;",
        "SQLServer-goodfriendsefc-azure-supusr": "Server=tcp:sql-server-data-access-course.database.windows.net,1433;Initial Catalog=goodfriendsefc;Persist Security Info=False;User ID=supusrUser;Password=pa$$Word1;MultipleActiveResultSets=False;Encrypt=True;TrustServerCertificate=False;Connection Timeout=30;",

        "SQLServer-travelefc-docker-sysadmin": "Data Source=localhost;Initial Catalog=travelefc;Persist Security Info=True;User ID=sa;Pwd=skYhgS@83#aQ;Encrypt=False;",
        "SQLServer-travelefc-docker-gstusr": "Data Source=localhost;Initial Catalog=travelefc;Persist Security Info=True;User ID=gstusr;Pwd=pa$$Word1;Encrypt=False;",
        "SQLServer-travelefc-docker-usr": "Data Source=localhost;Initial Catalog=travelefc;Persist Security Info=True;User ID=usr;Pwd=pa$$Word1;Encrypt=False;",
        "SQLServer-travelefc-docker-supusr": "Data Source=localhost;Initial Catalog=travelefc;Persist Security Info=True;User ID=supusr;Pwd=pa$$Word1;Encrypt=False;"
    },

    "DbSetActiveIdx": 2,
    "DbSets": {
        "DbSet0": {
            "DbLocation": "localhost.docker",
            "DbServer": "SQLServer",
            "DbLogins": {
                "DbLogin0": {
                    "DbUserLogin": "gstusr",
                    "DbConnection": "SQLServer-goodfriendsefc-docker-gstusr"
                },
                "DbLogin1": {
                    "DbUserLogin": "usr",
                    "DbConnection": "SQLServer-goodfriendsefc-docker-usr"
                },
                "DbLogin2": {
                    "DbUserLogin": "supusr",
                    "DbConnection": "SQLServer-goodfriendsefc-docker-supusr"
                },
                "DbLogin3": {
                    "DbUserLogin": "sysadmin",
                    "DbConnection": "SQLServer-goodfriendsefc-docker-sysadmin"
                }
            }
        },
        "DbSet1": {
            "DbLocation": "azure",
            "DbServer": "SQLServer",
            "DbLogins": {
                "DbLogin0": {
                    "DbUserLogin": "gstusr",
                    "DbConnection": "SQLServer-goodfriendsefc-azure-gstusr"
                },
                "DbLogin1": {
                    "DbUserLogin": "usr",
                    "DbConnection": "SQLServer-goodfriendsefc-azure-usr"
                },
                "DbLogin2": {
                    "DbUserLogin": "supusr",
                    "DbConnection": "SQLServer-goodfriendsefc-azure-supusr"
                },
                "DbLogin3": {
                    "DbUserLogin": "sysadmin",
                    "DbConnection": "SQLServer-goodfriendsefc-azure-sysadmin"
                }
            }
        },
        "DbSet2": {
            "DbLocation": "docker travel",
            "DbServer": "SQLServer",
            "DbLogins": {
                "DbLogin0": {
                    "DbUserLogin": "gstusr",
                    "DbConnection": "SQLServer-travelefc-docker-gstusr"
                },
                "DbLogin1": {
                    "DbUserLogin": "usr",
                    "DbConnection": "SQLServer-travelefc-docker-usr"
                },
                "DbLogin2": {
                    "DbUserLogin": "supusr",
                    "DbConnection": "SQLServer-travelefc-docker-supusr"
                },
                "DbLogin3": {
                    "DbUserLogin": "sysadmin",
                    "DbConnection": "SQLServer-travelefc-docker-sysadmin"
                }
            }
        }
    }
}





